<annotation>
    <folder>JPEGImages</folder>
    <filename>s947.jpg</filename>
    <path>/nfs/students/winter-term-2018/project_2/dev-vitaliy/voc_data/sn_80/VOC_3_large/VOC2007/JPEGImages/s947.jpg</path>
    <source>
        <database>Unknown</database>
    </source>
    <size>
        <width>1200</width>
        <height>675</height>
        <depth>3</depth>
    </size>
    <segmented>0</segmented>
    <object>
        <name>burger</name>
        <pose>Unspecified</pose>
        <truncated>0</truncated>
        <difficult>0</difficult>
        <bndbox>
            <xmin>590</xmin>
            <ymin>293</ymin>
            <xmax>842</xmax>
            <ymax>548</ymax>
        </bndbox>
    </object>    <object>
        <name>brotzeitkorb</name>
        <pose>Unspecified</pose>
        <truncated>0</truncated>
        <difficult>0</difficult>
        <bndbox>
            <xmin>282</xmin>
            <ymin>62</ymin>
            <xmax>522</xmax>
            <ymax>275</ymax>
        </bndbox>
    </object>
</annotation>
