<annotation>
    <folder>JPEGImages</folder>
    <filename>s909.jpg</filename>
    <path>/nfs/students/winter-term-2018/project_2/dev-vitaliy/voc_data/sn_80/VOC_3_large/VOC2007/JPEGImages/s909.jpg</path>
    <source>
        <database>Unknown</database>
    </source>
    <size>
        <width>1200</width>
        <height>675</height>
        <depth>3</depth>
    </size>
    <segmented>0</segmented>
    <object>
        <name>cola</name>
        <pose>Unspecified</pose>
        <truncated>0</truncated>
        <difficult>0</difficult>
        <bndbox>
            <xmin>705</xmin>
            <ymin>403</ymin>
            <xmax>815</xmax>
            <ymax>513</ymax>
        </bndbox>
    </object>    <object>
        <name>burger</name>
        <pose>Unspecified</pose>
        <truncated>0</truncated>
        <difficult>0</difficult>
        <bndbox>
            <xmin>180</xmin>
            <ymin>362</ymin>
            <xmax>368</xmax>
            <ymax>643</ymax>
        </bndbox>
    </object>    <object>
        <name>weissbier</name>
        <pose>Unspecified</pose>
        <truncated>0</truncated>
        <difficult>0</difficult>
        <bndbox>
            <xmin>1058</xmin>
            <ymin>505</ymin>
            <xmax>1196</xmax>
            <ymax>673</ymax>
        </bndbox>
    </object>    <object>
        <name>aschorle</name>
        <pose>Unspecified</pose>
        <truncated>0</truncated>
        <difficult>0</difficult>
        <bndbox>
            <xmin>983</xmin>
            <ymin>435</ymin>
            <xmax>1100</xmax>
            <ymax>588</ymax>
        </bndbox>
    </object>
</annotation>
