<annotation>
    <folder>JPEGImages</folder>
    <filename>s556.jpg</filename>
    <path>/nfs/students/winter-term-2018/project_2/dev-vitaliy/voc_data/sn_80/VOC_3_large/VOC2007/JPEGImages/s556.jpg</path>
    <source>
        <database>Unknown</database>
    </source>
    <size>
        <width>1200</width>
        <height>675</height>
        <depth>3</depth>
    </size>
    <segmented>0</segmented>
    <object>
        <name>currywurst</name>
        <pose>Unspecified</pose>
        <truncated>0</truncated>
        <difficult>0</difficult>
        <bndbox>
            <xmin>250</xmin>
            <ymin>237</ymin>
            <xmax>485</xmax>
            <ymax>552</ymax>
        </bndbox>
    </object>    <object>
        <name>currywurst</name>
        <pose>Unspecified</pose>
        <truncated>0</truncated>
        <difficult>0</difficult>
        <bndbox>
            <xmin>565</xmin>
            <ymin>167</ymin>
            <xmax>815</xmax>
            <ymax>450</ymax>
        </bndbox>
    </object>
</annotation>
