<annotation>
    <folder>JPEGImages</folder>
    <filename>s134.jpg</filename>
    <path>/nfs/students/winter-term-2018/project_2/dev-vitaliy/voc_data/sn_80/VOC_3_large/VOC2007/JPEGImages/s134.jpg</path>
    <source>
        <database>Unknown</database>
    </source>
    <size>
        <width>1200</width>
        <height>675</height>
        <depth>3</depth>
    </size>
    <segmented>0</segmented>
    <object>
        <name>bier</name>
        <pose>Unspecified</pose>
        <truncated>0</truncated>
        <difficult>0</difficult>
        <bndbox>
            <xmin>457</xmin>
            <ymin>312</ymin>
            <xmax>585</xmax>
            <ymax>410</ymax>
        </bndbox>
    </object>    <object>
        <name>wasser</name>
        <pose>Unspecified</pose>
        <truncated>0</truncated>
        <difficult>0</difficult>
        <bndbox>
            <xmin>452</xmin>
            <ymin>245</ymin>
            <xmax>580</xmax>
            <ymax>335</ymax>
        </bndbox>
    </object>
</annotation>
