<annotation>
    <folder>JPEGImages</folder>
    <filename>s33.jpg</filename>
    <path>/nfs/students/winter-term-2018/project_2/dev-vitaliy/voc_data/sn_80/VOC_3_large/VOC2007/JPEGImages/s33.jpg</path>
    <source>
        <database>Unknown</database>
    </source>
    <size>
        <width>1200</width>
        <height>675</height>
        <depth>3</depth>
    </size>
    <segmented>0</segmented>
    <object>
        <name>williamsbirne</name>
        <pose>Unspecified</pose>
        <truncated>0</truncated>
        <difficult>0</difficult>
        <bndbox>
            <xmin>637</xmin>
            <ymin>355</ymin>
            <xmax>688</xmax>
            <ymax>393</ymax>
        </bndbox>
    </object>    <object>
        <name>williamsbirne</name>
        <pose>Unspecified</pose>
        <truncated>0</truncated>
        <difficult>0</difficult>
        <bndbox>
            <xmin>647</xmin>
            <ymin>400</ymin>
            <xmax>695</xmax>
            <ymax>440</ymax>
        </bndbox>
    </object>
</annotation>
