<annotation>
    <folder>JPEGImages</folder>
    <filename>s40.jpg</filename>
    <path>/nfs/students/winter-term-2018/project_2/dev-vitaliy/voc_data/sn_80/VOC_3_large/VOC2007/JPEGImages/s40.jpg</path>
    <source>
        <database>Unknown</database>
    </source>
    <size>
        <width>1200</width>
        <height>675</height>
        <depth>3</depth>
    </size>
    <segmented>0</segmented>
    <object>
        <name>williamsbirne</name>
        <pose>Unspecified</pose>
        <truncated>0</truncated>
        <difficult>0</difficult>
        <bndbox>
            <xmin>537</xmin>
            <ymin>288</ymin>
            <xmax>590</xmax>
            <ymax>333</ymax>
        </bndbox>
    </object>    <object>
        <name>williamsbirne</name>
        <pose>Unspecified</pose>
        <truncated>0</truncated>
        <difficult>0</difficult>
        <bndbox>
            <xmin>485</xmin>
            <ymin>320</ymin>
            <xmax>540</xmax>
            <ymax>360</ymax>
        </bndbox>
    </object>    <object>
        <name>williamsbirne</name>
        <pose>Unspecified</pose>
        <truncated>0</truncated>
        <difficult>0</difficult>
        <bndbox>
            <xmin>492</xmin>
            <ymin>363</ymin>
            <xmax>547</xmax>
            <ymax>398</ymax>
        </bndbox>
    </object>    <object>
        <name>williamsbirne</name>
        <pose>Unspecified</pose>
        <truncated>0</truncated>
        <difficult>0</difficult>
        <bndbox>
            <xmin>507</xmin>
            <ymin>397</ymin>
            <xmax>560</xmax>
            <ymax>430</ymax>
        </bndbox>
    </object>
</annotation>
