<annotation>
    <folder>JPEGImages</folder>
    <filename>s133.jpg</filename>
    <path>/nfs/students/winter-term-2018/project_2/dev-vitaliy/voc_data/sn_80/VOC_3_large/VOC2007/JPEGImages/s133.jpg</path>
    <source>
        <database>Unknown</database>
    </source>
    <size>
        <width>1200</width>
        <height>675</height>
        <depth>3</depth>
    </size>
    <segmented>0</segmented>
    <object>
        <name>kasespatzle</name>
        <pose>Unspecified</pose>
        <truncated>0</truncated>
        <difficult>0</difficult>
        <bndbox>
            <xmin>562</xmin>
            <ymin>187</ymin>
            <xmax>800</xmax>
            <ymax>422</ymax>
        </bndbox>
    </object>    <object>
        <name>burger</name>
        <pose>Unspecified</pose>
        <truncated>0</truncated>
        <difficult>0</difficult>
        <bndbox>
            <xmin>410</xmin>
            <ymin>152</ymin>
            <xmax>585</xmax>
            <ymax>432</ymax>
        </bndbox>
    </object>    <object>
        <name>currywurst</name>
        <pose>Unspecified</pose>
        <truncated>0</truncated>
        <difficult>0</difficult>
        <bndbox>
            <xmin>732</xmin>
            <ymin>330</ymin>
            <xmax>977</xmax>
            <ymax>625</ymax>
        </bndbox>
    </object>
</annotation>
