<annotation>
    <folder>JPEGImages</folder>
    <filename>s11.jpg</filename>
    <path>/nfs/students/winter-term-2018/project_2/dev-vitaliy/voc_data/sn_80/VOC_3_large/VOC2007/JPEGImages/s11.jpg</path>
    <source>
        <database>Unknown</database>
    </source>
    <size>
        <width>1200</width>
        <height>675</height>
        <depth>3</depth>
    </size>
    <segmented>0</segmented>
    <object>
        <name>wasser</name>
        <pose>Unspecified</pose>
        <truncated>0</truncated>
        <difficult>0</difficult>
        <bndbox>
            <xmin>612</xmin>
            <ymin>340</ymin>
            <xmax>715</xmax>
            <ymax>443</ymax>
        </bndbox>
    </object>    <object>
        <name>biermass</name>
        <pose>Unspecified</pose>
        <truncated>0</truncated>
        <difficult>0</difficult>
        <bndbox>
            <xmin>383</xmin>
            <ymin>275</ymin>
            <xmax>538</xmax>
            <ymax>383</ymax>
        </bndbox>
    </object>    <object>
        <name>biermass</name>
        <pose>Unspecified</pose>
        <truncated>0</truncated>
        <difficult>0</difficult>
        <bndbox>
            <xmin>465</xmin>
            <ymin>302</ymin>
            <xmax>608</xmax>
            <ymax>423</ymax>
        </bndbox>
    </object>
</annotation>
