<annotation>
    <folder>JPEGImages</folder>
    <filename>s314.jpg</filename>
    <path>/nfs/students/winter-term-2018/project_2/dev-vitaliy/voc_data/sn_80/VOC_3_large/VOC2007/JPEGImages/s314.jpg</path>
    <source>
        <database>Unknown</database>
    </source>
    <size>
        <width>1200</width>
        <height>675</height>
        <depth>3</depth>
    </size>
    <segmented>0</segmented>
    <object>
        <name>cola</name>
        <pose>Unspecified</pose>
        <truncated>0</truncated>
        <difficult>0</difficult>
        <bndbox>
            <xmin>455</xmin>
            <ymin>280</ymin>
            <xmax>575</xmax>
            <ymax>363</ymax>
        </bndbox>
    </object>    <object>
        <name>bier</name>
        <pose>Unspecified</pose>
        <truncated>0</truncated>
        <difficult>0</difficult>
        <bndbox>
            <xmin>350</xmin>
            <ymin>285</ymin>
            <xmax>467</xmax>
            <ymax>373</ymax>
        </bndbox>
    </object>    <object>
        <name>jagermeister</name>
        <pose>Unspecified</pose>
        <truncated>0</truncated>
        <difficult>0</difficult>
        <bndbox>
            <xmin>622</xmin>
            <ymin>328</ymin>
            <xmax>685</xmax>
            <ymax>381</ymax>
        </bndbox>
    </object>    <object>
        <name>jagermeister</name>
        <pose>Unspecified</pose>
        <truncated>0</truncated>
        <difficult>0</difficult>
        <bndbox>
            <xmin>585</xmin>
            <ymin>300</ymin>
            <xmax>648</xmax>
            <ymax>348</ymax>
        </bndbox>
    </object>    <object>
        <name>jagermeister</name>
        <pose>Unspecified</pose>
        <truncated>0</truncated>
        <difficult>0</difficult>
        <bndbox>
            <xmin>563</xmin>
            <ymin>345</ymin>
            <xmax>621</xmax>
            <ymax>391</ymax>
        </bndbox>
    </object>    <object>
        <name>jagermeister</name>
        <pose>Unspecified</pose>
        <truncated>0</truncated>
        <difficult>0</difficult>
        <bndbox>
            <xmin>605</xmin>
            <ymin>371</ymin>
            <xmax>665</xmax>
            <ymax>414</ymax>
        </bndbox>
    </object>
</annotation>
