<annotation>
    <folder>JPEGImages</folder>
    <filename>s35.jpg</filename>
    <path>/nfs/students/winter-term-2018/project_2/dev-vitaliy/voc_data/sn_80/VOC_3_large/VOC2007/JPEGImages/s35.jpg</path>
    <source>
        <database>Unknown</database>
    </source>
    <size>
        <width>1200</width>
        <height>675</height>
        <depth>3</depth>
    </size>
    <segmented>0</segmented>
    <object>
        <name>biermass</name>
        <pose>Unspecified</pose>
        <truncated>0</truncated>
        <difficult>0</difficult>
        <bndbox>
            <xmin>463</xmin>
            <ymin>305</ymin>
            <xmax>620</xmax>
            <ymax>425</ymax>
        </bndbox>
    </object>    <object>
        <name>biermass</name>
        <pose>Unspecified</pose>
        <truncated>0</truncated>
        <difficult>0</difficult>
        <bndbox>
            <xmin>383</xmin>
            <ymin>270</ymin>
            <xmax>535</xmax>
            <ymax>388</ymax>
        </bndbox>
    </object>    <object>
        <name>wasser</name>
        <pose>Unspecified</pose>
        <truncated>0</truncated>
        <difficult>0</difficult>
        <bndbox>
            <xmin>612</xmin>
            <ymin>343</ymin>
            <xmax>717</xmax>
            <ymax>446</ymax>
        </bndbox>
    </object>
</annotation>
