<annotation>
    <folder>JPEGImages</folder>
    <filename>s482.jpg</filename>
    <path>/nfs/students/winter-term-2018/project_2/dev-vitaliy/voc_data/sn_80/VOC_3_large/VOC2007/JPEGImages/s482.jpg</path>
    <source>
        <database>Unknown</database>
    </source>
    <size>
        <width>1200</width>
        <height>675</height>
        <depth>3</depth>
    </size>
    <segmented>0</segmented>
    <object>
        <name>cola</name>
        <pose>Unspecified</pose>
        <truncated>0</truncated>
        <difficult>0</difficult>
        <bndbox>
            <xmin>630</xmin>
            <ymin>313</ymin>
            <xmax>711</xmax>
            <ymax>400</ymax>
        </bndbox>
    </object>    <object>
        <name>weissbier</name>
        <pose>Unspecified</pose>
        <truncated>0</truncated>
        <difficult>0</difficult>
        <bndbox>
            <xmin>612</xmin>
            <ymin>400</ymin>
            <xmax>762</xmax>
            <ymax>515</ymax>
        </bndbox>
    </object>    <object>
        <name>bier</name>
        <pose>Unspecified</pose>
        <truncated>0</truncated>
        <difficult>0</difficult>
        <bndbox>
            <xmin>707</xmin>
            <ymin>300</ymin>
            <xmax>807</xmax>
            <ymax>393</ymax>
        </bndbox>
    </object>
</annotation>
