<annotation>
    <folder>JPEGImages</folder>
    <filename>s565.jpg</filename>
    <path>/nfs/students/winter-term-2018/project_2/dev-vitaliy/voc_data/sn_80/VOC_3_large/VOC2007/JPEGImages/s565.jpg</path>
    <source>
        <database>Unknown</database>
    </source>
    <size>
        <width>1200</width>
        <height>675</height>
        <depth>3</depth>
    </size>
    <segmented>0</segmented>
    <object>
        <name>currywurst</name>
        <pose>Unspecified</pose>
        <truncated>0</truncated>
        <difficult>0</difficult>
        <bndbox>
            <xmin>552</xmin>
            <ymin>247</ymin>
            <xmax>700</xmax>
            <ymax>520</ymax>
        </bndbox>
    </object>    <object>
        <name>pommes</name>
        <pose>Unspecified</pose>
        <truncated>0</truncated>
        <difficult>0</difficult>
        <bndbox>
            <xmin>372</xmin>
            <ymin>212</ymin>
            <xmax>475</xmax>
            <ymax>370</ymax>
        </bndbox>
    </object>
</annotation>
