<annotation>
    <folder>JPEGImages</folder>
    <filename>s1008.jpg</filename>
    <path>/nfs/students/winter-term-2018/project_2/dev-vitaliy/voc_data/sn_80/VOC_3_large/VOC2007/JPEGImages/s1008.jpg</path>
    <source>
        <database>Unknown</database>
    </source>
    <size>
        <width>1200</width>
        <height>675</height>
        <depth>3</depth>
    </size>
    <segmented>0</segmented>
    <object>
        <name>almbreze</name>
        <pose>Unspecified</pose>
        <truncated>0</truncated>
        <difficult>0</difficult>
        <bndbox>
            <xmin>502</xmin>
            <ymin>355</ymin>
            <xmax>830</xmax>
            <ymax>661</ymax>
        </bndbox>
    </object>    <object>
        <name>almbreze</name>
        <pose>Unspecified</pose>
        <truncated>0</truncated>
        <difficult>0</difficult>
        <bndbox>
            <xmin>150</xmin>
            <ymin>240</ymin>
            <xmax>458</xmax>
            <ymax>561</ymax>
        </bndbox>
    </object>    <object>
        <name>almbreze</name>
        <pose>Unspecified</pose>
        <truncated>0</truncated>
        <difficult>0</difficult>
        <bndbox>
            <xmin>190</xmin>
            <ymin>558</ymin>
            <xmax>467</xmax>
            <ymax>671</ymax>
        </bndbox>
    </object>
</annotation>
