<annotation>
    <folder>JPEGImages</folder>
    <filename>s294.jpg</filename>
    <path>/nfs/students/winter-term-2018/project_2/dev-vitaliy/voc_data/sn_80/VOC_3_large/VOC2007/JPEGImages/s294.jpg</path>
    <source>
        <database>Unknown</database>
    </source>
    <size>
        <width>1200</width>
        <height>675</height>
        <depth>3</depth>
    </size>
    <segmented>0</segmented>
    <object>
        <name>biermass</name>
        <pose>Unspecified</pose>
        <truncated>0</truncated>
        <difficult>0</difficult>
        <bndbox>
            <xmin>510</xmin>
            <ymin>337</ymin>
            <xmax>660</xmax>
            <ymax>457</ymax>
        </bndbox>
    </object>    <object>
        <name>biermass</name>
        <pose>Unspecified</pose>
        <truncated>0</truncated>
        <difficult>0</difficult>
        <bndbox>
            <xmin>493</xmin>
            <ymin>242</ymin>
            <xmax>651</xmax>
            <ymax>343</ymax>
        </bndbox>
    </object>    <object>
        <name>biermass</name>
        <pose>Unspecified</pose>
        <truncated>0</truncated>
        <difficult>0</difficult>
        <bndbox>
            <xmin>420</xmin>
            <ymin>225</ymin>
            <xmax>565</xmax>
            <ymax>315</ymax>
        </bndbox>
    </object>    <object>
        <name>biermass</name>
        <pose>Unspecified</pose>
        <truncated>0</truncated>
        <difficult>0</difficult>
        <bndbox>
            <xmin>345</xmin>
            <ymin>260</ymin>
            <xmax>500</xmax>
            <ymax>365</ymax>
        </bndbox>
    </object>
</annotation>
