<annotation>
    <folder>JPEGImages</folder>
    <filename>s162.jpg</filename>
    <path>/nfs/students/winter-term-2018/project_2/dev-vitaliy/voc_data/sn_80/VOC_3_large/VOC2007/JPEGImages/s162.jpg</path>
    <source>
        <database>Unknown</database>
    </source>
    <size>
        <width>1200</width>
        <height>675</height>
        <depth>3</depth>
    </size>
    <segmented>0</segmented>
    <object>
        <name>bier</name>
        <pose>Unspecified</pose>
        <truncated>0</truncated>
        <difficult>0</difficult>
        <bndbox>
            <xmin>493</xmin>
            <ymin>225</ymin>
            <xmax>605</xmax>
            <ymax>300</ymax>
        </bndbox>
    </object>    <object>
        <name>bier</name>
        <pose>Unspecified</pose>
        <truncated>0</truncated>
        <difficult>0</difficult>
        <bndbox>
            <xmin>480</xmin>
            <ymin>288</ymin>
            <xmax>611</xmax>
            <ymax>370</ymax>
        </bndbox>
    </object>
</annotation>
