<annotation>
    <folder>JPEGImages</folder>
    <filename>s680.jpg</filename>
    <path>/nfs/students/winter-term-2018/project_2/dev-vitaliy/voc_data/sn_80/VOC_3_large/VOC2007/JPEGImages/s680.jpg</path>
    <source>
        <database>Unknown</database>
    </source>
    <size>
        <width>1200</width>
        <height>675</height>
        <depth>3</depth>
    </size>
    <segmented>0</segmented>
    <object>
        <name>weisswein</name>
        <pose>Unspecified</pose>
        <truncated>0</truncated>
        <difficult>0</difficult>
        <bndbox>
            <xmin>290</xmin>
            <ymin>462</ymin>
            <xmax>436</xmax>
            <ymax>543</ymax>
        </bndbox>
    </object>    <object>
        <name>williamsbirne</name>
        <pose>Unspecified</pose>
        <truncated>0</truncated>
        <difficult>0</difficult>
        <bndbox>
            <xmin>433</xmin>
            <ymin>475</ymin>
            <xmax>480</xmax>
            <ymax>525</ymax>
        </bndbox>
    </object>    <object>
        <name>williamsbirne</name>
        <pose>Unspecified</pose>
        <truncated>0</truncated>
        <difficult>0</difficult>
        <bndbox>
            <xmin>477</xmin>
            <ymin>483</ymin>
            <xmax>505</xmax>
            <ymax>521</ymax>
        </bndbox>
    </object>    <object>
        <name>williamsbirne</name>
        <pose>Unspecified</pose>
        <truncated>0</truncated>
        <difficult>0</difficult>
        <bndbox>
            <xmin>500</xmin>
            <ymin>452</ymin>
            <xmax>543</xmax>
            <ymax>492</ymax>
        </bndbox>
    </object>
</annotation>
