<annotation>
    <folder>JPEGImages</folder>
    <filename>s1132.jpg</filename>
    <path>/nfs/students/winter-term-2018/project_2/dev-vitaliy/voc_data/sn_80/VOC_3_large/VOC2007/JPEGImages/s1132.jpg</path>
    <source>
        <database>Unknown</database>
    </source>
    <size>
        <width>1200</width>
        <height>675</height>
        <depth>3</depth>
    </size>
    <segmented>0</segmented>
    <object>
        <name>jagermeister</name>
        <pose>Unspecified</pose>
        <truncated>0</truncated>
        <difficult>0</difficult>
        <bndbox>
            <xmin>585</xmin>
            <ymin>302</ymin>
            <xmax>646</xmax>
            <ymax>347</ymax>
        </bndbox>
    </object>    <object>
        <name>jagermeister</name>
        <pose>Unspecified</pose>
        <truncated>0</truncated>
        <difficult>0</difficult>
        <bndbox>
            <xmin>623</xmin>
            <ymin>328</ymin>
            <xmax>683</xmax>
            <ymax>375</ymax>
        </bndbox>
    </object>    <object>
        <name>jagermeister</name>
        <pose>Unspecified</pose>
        <truncated>0</truncated>
        <difficult>0</difficult>
        <bndbox>
            <xmin>565</xmin>
            <ymin>345</ymin>
            <xmax>621</xmax>
            <ymax>387</ymax>
        </bndbox>
    </object>    <object>
        <name>jagermeister</name>
        <pose>Unspecified</pose>
        <truncated>0</truncated>
        <difficult>0</difficult>
        <bndbox>
            <xmin>605</xmin>
            <ymin>373</ymin>
            <xmax>660</xmax>
            <ymax>416</ymax>
        </bndbox>
    </object>    <object>
        <name>cola</name>
        <pose>Unspecified</pose>
        <truncated>0</truncated>
        <difficult>0</difficult>
        <bndbox>
            <xmin>460</xmin>
            <ymin>273</ymin>
            <xmax>580</xmax>
            <ymax>361</ymax>
        </bndbox>
    </object>    <object>
        <name>kasespatzle</name>
        <pose>Unspecified</pose>
        <truncated>0</truncated>
        <difficult>0</difficult>
        <bndbox>
            <xmin>215</xmin>
            <ymin>378</ymin>
            <xmax>423</xmax>
            <ymax>611</ymax>
        </bndbox>
    </object>
</annotation>
