<annotation>
    <folder>JPEGImages</folder>
    <filename>s1184.jpg</filename>
    <path>/nfs/students/winter-term-2018/project_2/dev-vitaliy/voc_data/sn_80/VOC_3_large/VOC2007/JPEGImages/s1184.jpg</path>
    <source>
        <database>Unknown</database>
    </source>
    <size>
        <width>1200</width>
        <height>675</height>
        <depth>3</depth>
    </size>
    <segmented>0</segmented>
    <object>
        <name>kasespatzle</name>
        <pose>Unspecified</pose>
        <truncated>0</truncated>
        <difficult>0</difficult>
        <bndbox>
            <xmin>2</xmin>
            <ymin>97</ymin>
            <xmax>158</xmax>
            <ymax>365</ymax>
        </bndbox>
    </object>    <object>
        <name>kasespatzle</name>
        <pose>Unspecified</pose>
        <truncated>0</truncated>
        <difficult>0</difficult>
        <bndbox>
            <xmin>3</xmin>
            <ymin>270</ymin>
            <xmax>113</xmax>
            <ymax>493</ymax>
        </bndbox>
    </object>    <object>
        <name>brotzeitkorb</name>
        <pose>Unspecified</pose>
        <truncated>0</truncated>
        <difficult>0</difficult>
        <bndbox>
            <xmin>280</xmin>
            <ymin>385</ymin>
            <xmax>490</xmax>
            <ymax>585</ymax>
        </bndbox>
    </object>
</annotation>
