<annotation>
    <folder>JPEGImages</folder>
    <filename>s390.jpg</filename>
    <path>/nfs/students/winter-term-2018/project_2/dev-vitaliy/voc_data/sn_80/VOC_3_large/VOC2007/JPEGImages/s390.jpg</path>
    <source>
        <database>Unknown</database>
    </source>
    <size>
        <width>1200</width>
        <height>675</height>
        <depth>3</depth>
    </size>
    <segmented>0</segmented>
    <object>
        <name>bier</name>
        <pose>Unspecified</pose>
        <truncated>0</truncated>
        <difficult>0</difficult>
        <bndbox>
            <xmin>15</xmin>
            <ymin>7</ymin>
            <xmax>202</xmax>
            <ymax>150</ymax>
        </bndbox>
    </object>    <object>
        <name>wasser</name>
        <pose>Unspecified</pose>
        <truncated>0</truncated>
        <difficult>0</difficult>
        <bndbox>
            <xmin>230</xmin>
            <ymin>187</ymin>
            <xmax>370</xmax>
            <ymax>277</ymax>
        </bndbox>
    </object>    <object>
        <name>wasser</name>
        <pose>Unspecified</pose>
        <truncated>0</truncated>
        <difficult>0</difficult>
        <bndbox>
            <xmin>275</xmin>
            <ymin>317</ymin>
            <xmax>412</xmax>
            <ymax>420</ymax>
        </bndbox>
    </object>    <object>
        <name>cola</name>
        <pose>Unspecified</pose>
        <truncated>0</truncated>
        <difficult>0</difficult>
        <bndbox>
            <xmin>275</xmin>
            <ymin>255</ymin>
            <xmax>415</xmax>
            <ymax>335</ymax>
        </bndbox>
    </object>
</annotation>
