<annotation>
    <folder>JPEGImages</folder>
    <filename>s958.jpg</filename>
    <path>/nfs/students/winter-term-2018/project_2/dev-vitaliy/voc_data/sn_80/VOC_3_large/VOC2007/JPEGImages/s958.jpg</path>
    <source>
        <database>Unknown</database>
    </source>
    <size>
        <width>1200</width>
        <height>675</height>
        <depth>3</depth>
    </size>
    <segmented>0</segmented>
    <object>
        <name>burger</name>
        <pose>Unspecified</pose>
        <truncated>0</truncated>
        <difficult>0</difficult>
        <bndbox>
            <xmin>487</xmin>
            <ymin>252</ymin>
            <xmax>730</xmax>
            <ymax>481</ymax>
        </bndbox>
    </object>    <object>
        <name>cola</name>
        <pose>Unspecified</pose>
        <truncated>0</truncated>
        <difficult>0</difficult>
        <bndbox>
            <xmin>91</xmin>
            <ymin>550</ymin>
            <xmax>250</xmax>
            <ymax>653</ymax>
        </bndbox>
    </object>    <object>
        <name>bier</name>
        <pose>Unspecified</pose>
        <truncated>0</truncated>
        <difficult>0</difficult>
        <bndbox>
            <xmin>41</xmin>
            <ymin>518</ymin>
            <xmax>201</xmax>
            <ymax>624</ymax>
        </bndbox>
    </object>    <object>
        <name>bier</name>
        <pose>Unspecified</pose>
        <truncated>0</truncated>
        <difficult>0</difficult>
        <bndbox>
            <xmin>120</xmin>
            <ymin>608</ymin>
            <xmax>283</xmax>
            <ymax>671</ymax>
        </bndbox>
    </object>
</annotation>
