<annotation>
    <folder>JPEGImages</folder>
    <filename>s1.jpg</filename>
    <path>/nfs/students/winter-term-2018/project_2/dev-vitaliy/voc_data/sn_80/VOC_3_large/VOC2007/JPEGImages/s1.jpg</path>
    <source>
        <database>Unknown</database>
    </source>
    <size>
        <width>1200</width>
        <height>675</height>
        <depth>3</depth>
    </size>
    <segmented>0</segmented>
    <object>
        <name>wasser</name>
        <pose>Unspecified</pose>
        <truncated>0</truncated>
        <difficult>0</difficult>
        <bndbox>
            <xmin>545</xmin>
            <ymin>362</ymin>
            <xmax>647</xmax>
            <ymax>456</ymax>
        </bndbox>
    </object>    <object>
        <name>bier</name>
        <pose>Unspecified</pose>
        <truncated>0</truncated>
        <difficult>0</difficult>
        <bndbox>
            <xmin>408</xmin>
            <ymin>332</ymin>
            <xmax>528</xmax>
            <ymax>403</ymax>
        </bndbox>
    </object>    <object>
        <name>bier</name>
        <pose>Unspecified</pose>
        <truncated>0</truncated>
        <difficult>0</difficult>
        <bndbox>
            <xmin>450</xmin>
            <ymin>275</ymin>
            <xmax>560</xmax>
            <ymax>356</ymax>
        </bndbox>
    </object>    <object>
        <name>bier</name>
        <pose>Unspecified</pose>
        <truncated>0</truncated>
        <difficult>0</difficult>
        <bndbox>
            <xmin>508</xmin>
            <ymin>300</ymin>
            <xmax>621</xmax>
            <ymax>387</ymax>
        </bndbox>
    </object>
</annotation>
