<annotation>
    <folder>JPEGImages</folder>
    <filename>s852.jpg</filename>
    <path>/nfs/students/winter-term-2018/project_2/dev-vitaliy/voc_data/sn_80/VOC_3_large/VOC2007/JPEGImages/s852.jpg</path>
    <source>
        <database>Unknown</database>
    </source>
    <size>
        <width>1200</width>
        <height>675</height>
        <depth>3</depth>
    </size>
    <segmented>0</segmented>
    <object>
        <name>brotzeitkorb</name>
        <pose>Unspecified</pose>
        <truncated>0</truncated>
        <difficult>0</difficult>
        <bndbox>
            <xmin>237</xmin>
            <ymin>175</ymin>
            <xmax>377</xmax>
            <ymax>383</ymax>
        </bndbox>
    </object>    <object>
        <name>pommes</name>
        <pose>Unspecified</pose>
        <truncated>0</truncated>
        <difficult>0</difficult>
        <bndbox>
            <xmin>1</xmin>
            <ymin>202</ymin>
            <xmax>117</xmax>
            <ymax>378</ymax>
        </bndbox>
    </object>    <object>
        <name>cola</name>
        <pose>Unspecified</pose>
        <truncated>0</truncated>
        <difficult>0</difficult>
        <bndbox>
            <xmin>605</xmin>
            <ymin>535</ymin>
            <xmax>693</xmax>
            <ymax>671</ymax>
        </bndbox>
    </object>    <object>
        <name>wasser</name>
        <pose>Unspecified</pose>
        <truncated>0</truncated>
        <difficult>0</difficult>
        <bndbox>
            <xmin>697</xmin>
            <ymin>528</ymin>
            <xmax>788</xmax>
            <ymax>671</ymax>
        </bndbox>
    </object>    <object>
        <name>biermass</name>
        <pose>Unspecified</pose>
        <truncated>0</truncated>
        <difficult>0</difficult>
        <bndbox>
            <xmin>787</xmin>
            <ymin>527</ymin>
            <xmax>921</xmax>
            <ymax>672</ymax>
        </bndbox>
    </object>    <object>
        <name>biermass</name>
        <pose>Unspecified</pose>
        <truncated>0</truncated>
        <difficult>0</difficult>
        <bndbox>
            <xmin>923</xmin>
            <ymin>535</ymin>
            <xmax>1087</xmax>
            <ymax>672</ymax>
        </bndbox>
    </object>
</annotation>
