<annotation>
    <folder>JPEGImages</folder>
    <filename>s1157.jpg</filename>
    <path>/nfs/students/winter-term-2018/project_2/dev-vitaliy/voc_data/sn_80/VOC_3_large/VOC2007/JPEGImages/s1157.jpg</path>
    <source>
        <database>Unknown</database>
    </source>
    <size>
        <width>1200</width>
        <height>675</height>
        <depth>3</depth>
    </size>
    <segmented>0</segmented>
    <object>
        <name>currywurst</name>
        <pose>Unspecified</pose>
        <truncated>0</truncated>
        <difficult>0</difficult>
        <bndbox>
            <xmin>727</xmin>
            <ymin>333</ymin>
            <xmax>975</xmax>
            <ymax>623</ymax>
        </bndbox>
    </object>    <object>
        <name>kasespatzle</name>
        <pose>Unspecified</pose>
        <truncated>0</truncated>
        <difficult>0</difficult>
        <bndbox>
            <xmin>575</xmin>
            <ymin>188</ymin>
            <xmax>800</xmax>
            <ymax>426</ymax>
        </bndbox>
    </object>    <object>
        <name>burger</name>
        <pose>Unspecified</pose>
        <truncated>0</truncated>
        <difficult>0</difficult>
        <bndbox>
            <xmin>410</xmin>
            <ymin>155</ymin>
            <xmax>598</xmax>
            <ymax>435</ymax>
        </bndbox>
    </object>
</annotation>
