<annotation>
    <folder>JPEGImages</folder>
    <filename>s665.jpg</filename>
    <path>/nfs/students/winter-term-2018/project_2/dev-vitaliy/voc_data/sn_80/VOC_3_large/VOC2007/JPEGImages/s665.jpg</path>
    <source>
        <database>Unknown</database>
    </source>
    <size>
        <width>1200</width>
        <height>675</height>
        <depth>3</depth>
    </size>
    <segmented>0</segmented>
    <object>
        <name>weisswein</name>
        <pose>Unspecified</pose>
        <truncated>0</truncated>
        <difficult>0</difficult>
        <bndbox>
            <xmin>502</xmin>
            <ymin>218</ymin>
            <xmax>652</xmax>
            <ymax>314</ymax>
        </bndbox>
    </object>    <object>
        <name>weisswein</name>
        <pose>Unspecified</pose>
        <truncated>0</truncated>
        <difficult>0</difficult>
        <bndbox>
            <xmin>446</xmin>
            <ymin>305</ymin>
            <xmax>601</xmax>
            <ymax>401</ymax>
        </bndbox>
    </object>
</annotation>
