<annotation>
    <folder>JPEGImages</folder>
    <filename>s799.jpg</filename>
    <path>/nfs/students/winter-term-2018/project_2/dev-vitaliy/voc_data/sn_80/VOC_3_large/VOC2007/JPEGImages/s799.jpg</path>
    <source>
        <database>Unknown</database>
    </source>
    <size>
        <width>1200</width>
        <height>675</height>
        <depth>3</depth>
    </size>
    <segmented>0</segmented>
    <object>
        <name>pommes</name>
        <pose>Unspecified</pose>
        <truncated>0</truncated>
        <difficult>0</difficult>
        <bndbox>
            <xmin>302</xmin>
            <ymin>387</ymin>
            <xmax>552</xmax>
            <ymax>608</ymax>
        </bndbox>
    </object>    <object>
        <name>pommes</name>
        <pose>Unspecified</pose>
        <truncated>0</truncated>
        <difficult>0</difficult>
        <bndbox>
            <xmin>152</xmin>
            <ymin>202</ymin>
            <xmax>392</xmax>
            <ymax>386</ymax>
        </bndbox>
    </object>    <object>
        <name>pommes</name>
        <pose>Unspecified</pose>
        <truncated>0</truncated>
        <difficult>0</difficult>
        <bndbox>
            <xmin>43</xmin>
            <ymin>337</ymin>
            <xmax>311</xmax>
            <ymax>465</ymax>
        </bndbox>
    </object>
</annotation>
