<annotation>
    <folder>JPEGImages</folder>
    <filename>s26.jpg</filename>
    <path>/nfs/students/winter-term-2018/project_2/dev-vitaliy/voc_data/sn_80/VOC_3_large/VOC2007/JPEGImages/s26.jpg</path>
    <source>
        <database>Unknown</database>
    </source>
    <size>
        <width>1200</width>
        <height>675</height>
        <depth>3</depth>
    </size>
    <segmented>0</segmented>
    <object>
        <name>biermass</name>
        <pose>Unspecified</pose>
        <truncated>0</truncated>
        <difficult>0</difficult>
        <bndbox>
            <xmin>527</xmin>
            <ymin>213</ymin>
            <xmax>675</xmax>
            <ymax>320</ymax>
        </bndbox>
    </object>    <object>
        <name>biermass</name>
        <pose>Unspecified</pose>
        <truncated>0</truncated>
        <difficult>0</difficult>
        <bndbox>
            <xmin>437</xmin>
            <ymin>228</ymin>
            <xmax>580</xmax>
            <ymax>338</ymax>
        </bndbox>
    </object>    <object>
        <name>biermass</name>
        <pose>Unspecified</pose>
        <truncated>0</truncated>
        <difficult>0</difficult>
        <bndbox>
            <xmin>605</xmin>
            <ymin>253</ymin>
            <xmax>740</xmax>
            <ymax>373</ymax>
        </bndbox>
    </object>    <object>
        <name>cola</name>
        <pose>Unspecified</pose>
        <truncated>0</truncated>
        <difficult>0</difficult>
        <bndbox>
            <xmin>387</xmin>
            <ymin>307</ymin>
            <xmax>513</xmax>
            <ymax>385</ymax>
        </bndbox>
    </object>
</annotation>
