<annotation>
    <folder>JPEGImages</folder>
    <filename>s141.jpg</filename>
    <path>/nfs/students/winter-term-2018/project_2/dev-vitaliy/voc_data/sn_80/VOC_3_large/VOC2007/JPEGImages/s141.jpg</path>
    <source>
        <database>Unknown</database>
    </source>
    <size>
        <width>1200</width>
        <height>675</height>
        <depth>3</depth>
    </size>
    <segmented>0</segmented>
    <object>
        <name>bier</name>
        <pose>Unspecified</pose>
        <truncated>0</truncated>
        <difficult>0</difficult>
        <bndbox>
            <xmin>368</xmin>
            <ymin>238</ymin>
            <xmax>493</xmax>
            <ymax>318</ymax>
        </bndbox>
    </object>    <object>
        <name>weissbier</name>
        <pose>Unspecified</pose>
        <truncated>0</truncated>
        <difficult>0</difficult>
        <bndbox>
            <xmin>300</xmin>
            <ymin>318</ymin>
            <xmax>462</xmax>
            <ymax>398</ymax>
        </bndbox>
    </object>    <object>
        <name>wasser</name>
        <pose>Unspecified</pose>
        <truncated>0</truncated>
        <difficult>0</difficult>
        <bndbox>
            <xmin>475</xmin>
            <ymin>255</ymin>
            <xmax>582</xmax>
            <ymax>343</ymax>
        </bndbox>
    </object>    <object>
        <name>wasser</name>
        <pose>Unspecified</pose>
        <truncated>0</truncated>
        <difficult>0</difficult>
        <bndbox>
            <xmin>425</xmin>
            <ymin>325</ymin>
            <xmax>538</xmax>
            <ymax>393</ymax>
        </bndbox>
    </object>    <object>
        <name>wasser</name>
        <pose>Unspecified</pose>
        <truncated>0</truncated>
        <difficult>0</difficult>
        <bndbox>
            <xmin>568</xmin>
            <ymin>357</ymin>
            <xmax>680</xmax>
            <ymax>452</ymax>
        </bndbox>
    </object>    <object>
        <name>cola</name>
        <pose>Unspecified</pose>
        <truncated>0</truncated>
        <difficult>0</difficult>
        <bndbox>
            <xmin>455</xmin>
            <ymin>362</ymin>
            <xmax>555</xmax>
            <ymax>462</ymax>
        </bndbox>
    </object>    <object>
        <name>aschorle</name>
        <pose>Unspecified</pose>
        <truncated>0</truncated>
        <difficult>0</difficult>
        <bndbox>
            <xmin>530</xmin>
            <ymin>238</ymin>
            <xmax>636</xmax>
            <ymax>331</ymax>
        </bndbox>
    </object>    <object>
        <name>aschorle</name>
        <pose>Unspecified</pose>
        <truncated>0</truncated>
        <difficult>0</difficult>
        <bndbox>
            <xmin>575</xmin>
            <ymin>287</ymin>
            <xmax>688</xmax>
            <ymax>375</ymax>
        </bndbox>
    </object>
</annotation>
