<annotation>
    <folder>JPEGImages</folder>
    <filename>s437.jpg</filename>
    <path>/nfs/students/winter-term-2018/project_2/dev-vitaliy/voc_data/sn_80/VOC_3_large/VOC2007/JPEGImages/s437.jpg</path>
    <source>
        <database>Unknown</database>
    </source>
    <size>
        <width>1200</width>
        <height>675</height>
        <depth>3</depth>
    </size>
    <segmented>0</segmented>
    <object>
        <name>weissbier</name>
        <pose>Unspecified</pose>
        <truncated>0</truncated>
        <difficult>0</difficult>
        <bndbox>
            <xmin>180</xmin>
            <ymin>387</ymin>
            <xmax>400</xmax>
            <ymax>570</ymax>
        </bndbox>
    </object>    <object>
        <name>weissbier</name>
        <pose>Unspecified</pose>
        <truncated>0</truncated>
        <difficult>0</difficult>
        <bndbox>
            <xmin>142</xmin>
            <ymin>500</ymin>
            <xmax>375</xmax>
            <ymax>637</ymax>
        </bndbox>
    </object>
</annotation>
