<annotation>
    <folder>JPEGImages</folder>
    <filename>s124.jpg</filename>
    <path>/nfs/students/winter-term-2018/project_2/dev-vitaliy/voc_data/sn_80/VOC_3_large/VOC2007/JPEGImages/s124.jpg</path>
    <source>
        <database>Unknown</database>
    </source>
    <size>
        <width>1200</width>
        <height>675</height>
        <depth>3</depth>
    </size>
    <segmented>0</segmented>
    <object>
        <name>weissbier</name>
        <pose>Unspecified</pose>
        <truncated>0</truncated>
        <difficult>0</difficult>
        <bndbox>
            <xmin>427</xmin>
            <ymin>322</ymin>
            <xmax>592</xmax>
            <ymax>437</ymax>
        </bndbox>
    </object>    <object>
        <name>wasser</name>
        <pose>Unspecified</pose>
        <truncated>0</truncated>
        <difficult>0</difficult>
        <bndbox>
            <xmin>590</xmin>
            <ymin>357</ymin>
            <xmax>705</xmax>
            <ymax>480</ymax>
        </bndbox>
    </object>
</annotation>
