<annotation>
    <folder>JPEGImages</folder>
    <filename>s1128.jpg</filename>
    <path>/nfs/students/winter-term-2018/project_2/dev-vitaliy/voc_data/sn_80/VOC_3_large/VOC2007/JPEGImages/s1128.jpg</path>
    <source>
        <database>Unknown</database>
    </source>
    <size>
        <width>1200</width>
        <height>675</height>
        <depth>3</depth>
    </size>
    <segmented>0</segmented>
    <object>
        <name>currywurst</name>
        <pose>Unspecified</pose>
        <truncated>0</truncated>
        <difficult>0</difficult>
        <bndbox>
            <xmin>542</xmin>
            <ymin>300</ymin>
            <xmax>772</xmax>
            <ymax>573</ymax>
        </bndbox>
    </object>    <object>
        <name>currywurst</name>
        <pose>Unspecified</pose>
        <truncated>0</truncated>
        <difficult>0</difficult>
        <bndbox>
            <xmin>97</xmin>
            <ymin>150</ymin>
            <xmax>295</xmax>
            <ymax>485</ymax>
        </bndbox>
    </object>
</annotation>
