<annotation>
    <folder>JPEGImages</folder>
    <filename>s73.jpg</filename>
    <path>/nfs/students/winter-term-2018/project_2/dev-vitaliy/voc_data/sn_80/VOC_3_large/VOC2007/JPEGImages/s73.jpg</path>
    <source>
        <database>Unknown</database>
    </source>
    <size>
        <width>1200</width>
        <height>675</height>
        <depth>3</depth>
    </size>
    <segmented>0</segmented>
    <object>
        <name>biermass</name>
        <pose>Unspecified</pose>
        <truncated>0</truncated>
        <difficult>0</difficult>
        <bndbox>
            <xmin>542</xmin>
            <ymin>290</ymin>
            <xmax>697</xmax>
            <ymax>415</ymax>
        </bndbox>
    </object>    <object>
        <name>biermass</name>
        <pose>Unspecified</pose>
        <truncated>0</truncated>
        <difficult>0</difficult>
        <bndbox>
            <xmin>480</xmin>
            <ymin>222</ymin>
            <xmax>630</xmax>
            <ymax>330</ymax>
        </bndbox>
    </object>    <object>
        <name>biermass</name>
        <pose>Unspecified</pose>
        <truncated>0</truncated>
        <difficult>0</difficult>
        <bndbox>
            <xmin>395</xmin>
            <ymin>260</ymin>
            <xmax>515</xmax>
            <ymax>360</ymax>
        </bndbox>
    </object>    <object>
        <name>biermass</name>
        <pose>Unspecified</pose>
        <truncated>0</truncated>
        <difficult>0</difficult>
        <bndbox>
            <xmin>370</xmin>
            <ymin>350</ymin>
            <xmax>512</xmax>
            <ymax>445</ymax>
        </bndbox>
    </object>
</annotation>
