<annotation>
    <folder>JPEGImages</folder>
    <filename>s434.jpg</filename>
    <path>/nfs/students/winter-term-2018/project_2/dev-vitaliy/voc_data/sn_80/VOC_3_large/VOC2007/JPEGImages/s434.jpg</path>
    <source>
        <database>Unknown</database>
    </source>
    <size>
        <width>1200</width>
        <height>675</height>
        <depth>3</depth>
    </size>
    <segmented>0</segmented>
    <object>
        <name>biermass</name>
        <pose>Unspecified</pose>
        <truncated>0</truncated>
        <difficult>0</difficult>
        <bndbox>
            <xmin>1</xmin>
            <ymin>330</ymin>
            <xmax>110</xmax>
            <ymax>410</ymax>
        </bndbox>
    </object>    <object>
        <name>biermass</name>
        <pose>Unspecified</pose>
        <truncated>0</truncated>
        <difficult>0</difficult>
        <bndbox>
            <xmin>2</xmin>
            <ymin>355</ymin>
            <xmax>188</xmax>
            <ymax>542</ymax>
        </bndbox>
    </object>    <object>
        <name>biermass</name>
        <pose>Unspecified</pose>
        <truncated>0</truncated>
        <difficult>0</difficult>
        <bndbox>
            <xmin>1</xmin>
            <ymin>463</ymin>
            <xmax>208</xmax>
            <ymax>651</ymax>
        </bndbox>
    </object>    <object>
        <name>kasespatzle</name>
        <pose>Unspecified</pose>
        <truncated>0</truncated>
        <difficult>0</difficult>
        <bndbox>
            <xmin>485</xmin>
            <ymin>455</ymin>
            <xmax>742</xmax>
            <ymax>670</ymax>
        </bndbox>
    </object>
</annotation>
