<annotation>
    <folder>JPEGImages</folder>
    <filename>s1133.jpg</filename>
    <path>/nfs/students/winter-term-2018/project_2/dev-vitaliy/voc_data/sn_80/VOC_3_large/VOC2007/JPEGImages/s1133.jpg</path>
    <source>
        <database>Unknown</database>
    </source>
    <size>
        <width>1200</width>
        <height>675</height>
        <depth>3</depth>
    </size>
    <segmented>0</segmented>
    <object>
        <name>kasespatzle</name>
        <pose>Unspecified</pose>
        <truncated>0</truncated>
        <difficult>0</difficult>
        <bndbox>
            <xmin>573</xmin>
            <ymin>185</ymin>
            <xmax>798</xmax>
            <ymax>420</ymax>
        </bndbox>
    </object>    <object>
        <name>currywurst</name>
        <pose>Unspecified</pose>
        <truncated>0</truncated>
        <difficult>0</difficult>
        <bndbox>
            <xmin>733</xmin>
            <ymin>330</ymin>
            <xmax>973</xmax>
            <ymax>618</ymax>
        </bndbox>
    </object>    <object>
        <name>burger</name>
        <pose>Unspecified</pose>
        <truncated>0</truncated>
        <difficult>0</difficult>
        <bndbox>
            <xmin>413</xmin>
            <ymin>157</ymin>
            <xmax>596</xmax>
            <ymax>433</ymax>
        </bndbox>
    </object>
</annotation>
