<annotation>
    <folder>JPEGImages</folder>
    <filename>s31.jpg</filename>
    <path>/nfs/students/winter-term-2018/project_2/dev-vitaliy/voc_data/sn_80/VOC_3_large/VOC2007/JPEGImages/s31.jpg</path>
    <source>
        <database>Unknown</database>
    </source>
    <size>
        <width>1200</width>
        <height>675</height>
        <depth>3</depth>
    </size>
    <segmented>0</segmented>
    <object>
        <name>weissbier</name>
        <pose>Unspecified</pose>
        <truncated>0</truncated>
        <difficult>0</difficult>
        <bndbox>
            <xmin>137</xmin>
            <ymin>225</ymin>
            <xmax>375</xmax>
            <ymax>325</ymax>
        </bndbox>
    </object>    <object>
        <name>bier</name>
        <pose>Unspecified</pose>
        <truncated>0</truncated>
        <difficult>0</difficult>
        <bndbox>
            <xmin>350</xmin>
            <ymin>418</ymin>
            <xmax>493</xmax>
            <ymax>538</ymax>
        </bndbox>
    </object>    <object>
        <name>bier</name>
        <pose>Unspecified</pose>
        <truncated>0</truncated>
        <difficult>0</difficult>
        <bndbox>
            <xmin>313</xmin>
            <ymin>350</ymin>
            <xmax>450</xmax>
            <ymax>462</ymax>
        </bndbox>
    </object>
</annotation>
