<annotation>
    <folder>JPEGImages</folder>
    <filename>s769.jpg</filename>
    <path>/nfs/students/winter-term-2018/project_2/dev-vitaliy/voc_data/sn_80/VOC_3_large/VOC2007/JPEGImages/s769.jpg</path>
    <source>
        <database>Unknown</database>
    </source>
    <size>
        <width>1200</width>
        <height>675</height>
        <depth>3</depth>
    </size>
    <segmented>0</segmented>
    <object>
        <name>jagermeister</name>
        <pose>Unspecified</pose>
        <truncated>0</truncated>
        <difficult>0</difficult>
        <bndbox>
            <xmin>385</xmin>
            <ymin>582</ymin>
            <xmax>415</xmax>
            <ymax>620</ymax>
        </bndbox>
    </object>    <object>
        <name>jagermeister</name>
        <pose>Unspecified</pose>
        <truncated>0</truncated>
        <difficult>0</difficult>
        <bndbox>
            <xmin>415</xmin>
            <ymin>577</ymin>
            <xmax>445</xmax>
            <ymax>610</ymax>
        </bndbox>
    </object>    <object>
        <name>jagermeister</name>
        <pose>Unspecified</pose>
        <truncated>0</truncated>
        <difficult>0</difficult>
        <bndbox>
            <xmin>407</xmin>
            <ymin>560</ymin>
            <xmax>432</xmax>
            <ymax>585</ymax>
        </bndbox>
    </object>
</annotation>
