<annotation>
    <folder>JPEGImages</folder>
    <filename>s672.jpg</filename>
    <path>/nfs/students/winter-term-2018/project_2/dev-vitaliy/voc_data/sn_80/VOC_3_large/VOC2007/JPEGImages/s672.jpg</path>
    <source>
        <database>Unknown</database>
    </source>
    <size>
        <width>1200</width>
        <height>675</height>
        <depth>3</depth>
    </size>
    <segmented>0</segmented>
    <object>
        <name>biermass</name>
        <pose>Unspecified</pose>
        <truncated>0</truncated>
        <difficult>0</difficult>
        <bndbox>
            <xmin>310</xmin>
            <ymin>198</ymin>
            <xmax>475</xmax>
            <ymax>317</ymax>
        </bndbox>
    </object>    <object>
        <name>biermass</name>
        <pose>Unspecified</pose>
        <truncated>0</truncated>
        <difficult>0</difficult>
        <bndbox>
            <xmin>343</xmin>
            <ymin>293</ymin>
            <xmax>488</xmax>
            <ymax>400</ymax>
        </bndbox>
    </object>    <object>
        <name>biermass</name>
        <pose>Unspecified</pose>
        <truncated>0</truncated>
        <difficult>0</difficult>
        <bndbox>
            <xmin>313</xmin>
            <ymin>380</ymin>
            <xmax>458</xmax>
            <ymax>467</ymax>
        </bndbox>
    </object>    <object>
        <name>weissbier</name>
        <pose>Unspecified</pose>
        <truncated>0</truncated>
        <difficult>0</difficult>
        <bndbox>
            <xmin>152</xmin>
            <ymin>547</ymin>
            <xmax>403</xmax>
            <ymax>672</ymax>
        </bndbox>
    </object>
</annotation>
