<annotation>
    <folder>JPEGImages</folder>
    <filename>s971.jpg</filename>
    <path>/nfs/students/winter-term-2018/project_2/dev-vitaliy/voc_data/sn_80/VOC_3_large/VOC2007/JPEGImages/s971.jpg</path>
    <source>
        <database>Unknown</database>
    </source>
    <size>
        <width>1200</width>
        <height>675</height>
        <depth>3</depth>
    </size>
    <segmented>0</segmented>
    <object>
        <name>williamsbirne</name>
        <pose>Unspecified</pose>
        <truncated>0</truncated>
        <difficult>0</difficult>
        <bndbox>
            <xmin>450</xmin>
            <ymin>307</ymin>
            <xmax>515</xmax>
            <ymax>355</ymax>
        </bndbox>
    </object>    <object>
        <name>williamsbirne</name>
        <pose>Unspecified</pose>
        <truncated>0</truncated>
        <difficult>0</difficult>
        <bndbox>
            <xmin>407</xmin>
            <ymin>267</ymin>
            <xmax>475</xmax>
            <ymax>312</ymax>
        </bndbox>
    </object>    <object>
        <name>williamsbirne</name>
        <pose>Unspecified</pose>
        <truncated>0</truncated>
        <difficult>0</difficult>
        <bndbox>
            <xmin>415</xmin>
            <ymin>340</ymin>
            <xmax>480</xmax>
            <ymax>387</ymax>
        </bndbox>
    </object>    <object>
        <name>williamsbirne</name>
        <pose>Unspecified</pose>
        <truncated>0</truncated>
        <difficult>0</difficult>
        <bndbox>
            <xmin>385</xmin>
            <ymin>305</ymin>
            <xmax>450</xmax>
            <ymax>352</ymax>
        </bndbox>
    </object>    <object>
        <name>biermass</name>
        <pose>Unspecified</pose>
        <truncated>0</truncated>
        <difficult>0</difficult>
        <bndbox>
            <xmin>547</xmin>
            <ymin>227</ymin>
            <xmax>700</xmax>
            <ymax>340</ymax>
        </bndbox>
    </object>    <object>
        <name>biermass</name>
        <pose>Unspecified</pose>
        <truncated>0</truncated>
        <difficult>0</difficult>
        <bndbox>
            <xmin>605</xmin>
            <ymin>295</ymin>
            <xmax>750</xmax>
            <ymax>427</ymax>
        </bndbox>
    </object>    <object>
        <name>biermass</name>
        <pose>Unspecified</pose>
        <truncated>0</truncated>
        <difficult>0</difficult>
        <bndbox>
            <xmin>592</xmin>
            <ymin>392</ymin>
            <xmax>735</xmax>
            <ymax>517</ymax>
        </bndbox>
    </object>
</annotation>
