<annotation>
    <folder>JPEGImages</folder>
    <filename>s1041.jpg</filename>
    <path>/nfs/students/winter-term-2018/project_2/dev-vitaliy/voc_data/sn_80/VOC_3_large/VOC2007/JPEGImages/s1041.jpg</path>
    <source>
        <database>Unknown</database>
    </source>
    <size>
        <width>1200</width>
        <height>675</height>
        <depth>3</depth>
    </size>
    <segmented>0</segmented>
    <object>
        <name>almbreze</name>
        <pose>Unspecified</pose>
        <truncated>0</truncated>
        <difficult>0</difficult>
        <bndbox>
            <xmin>171</xmin>
            <ymin>250</ymin>
            <xmax>483</xmax>
            <ymax>552</ymax>
        </bndbox>
    </object>    <object>
        <name>almbreze</name>
        <pose>Unspecified</pose>
        <truncated>0</truncated>
        <difficult>0</difficult>
        <bndbox>
            <xmin>515</xmin>
            <ymin>330</ymin>
            <xmax>861</xmax>
            <ymax>668</ymax>
        </bndbox>
    </object>    <object>
        <name>almbreze</name>
        <pose>Unspecified</pose>
        <truncated>0</truncated>
        <difficult>0</difficult>
        <bndbox>
            <xmin>177</xmin>
            <ymin>537</ymin>
            <xmax>483</xmax>
            <ymax>671</ymax>
        </bndbox>
    </object>
</annotation>
