<annotation>
    <folder>JPEGImages</folder>
    <filename>s24.jpg</filename>
    <path>/nfs/students/winter-term-2018/project_2/dev-vitaliy/voc_data/sn_80/VOC_3_large/VOC2007/JPEGImages/s24.jpg</path>
    <source>
        <database>Unknown</database>
    </source>
    <size>
        <width>1200</width>
        <height>675</height>
        <depth>3</depth>
    </size>
    <segmented>0</segmented>
    <object>
        <name>jagermeister</name>
        <pose>Unspecified</pose>
        <truncated>0</truncated>
        <difficult>0</difficult>
        <bndbox>
            <xmin>540</xmin>
            <ymin>302</ymin>
            <xmax>587</xmax>
            <ymax>330</ymax>
        </bndbox>
    </object>    <object>
        <name>jagermeister</name>
        <pose>Unspecified</pose>
        <truncated>0</truncated>
        <difficult>0</difficult>
        <bndbox>
            <xmin>552</xmin>
            <ymin>330</ymin>
            <xmax>595</xmax>
            <ymax>355</ymax>
        </bndbox>
    </object>    <object>
        <name>jagermeister</name>
        <pose>Unspecified</pose>
        <truncated>0</truncated>
        <difficult>0</difficult>
        <bndbox>
            <xmin>560</xmin>
            <ymin>342</ymin>
            <xmax>602</xmax>
            <ymax>372</ymax>
        </bndbox>
    </object>    <object>
        <name>weissbier</name>
        <pose>Unspecified</pose>
        <truncated>0</truncated>
        <difficult>0</difficult>
        <bndbox>
            <xmin>502</xmin>
            <ymin>352</ymin>
            <xmax>647</xmax>
            <ymax>472</ymax>
        </bndbox>
    </object>
</annotation>
