<annotation>
    <folder>JPEGImages</folder>
    <filename>s684.jpg</filename>
    <path>/nfs/students/winter-term-2018/project_2/dev-vitaliy/voc_data/sn_80/VOC_3_large/VOC2007/JPEGImages/s684.jpg</path>
    <source>
        <database>Unknown</database>
    </source>
    <size>
        <width>1200</width>
        <height>675</height>
        <depth>3</depth>
    </size>
    <segmented>0</segmented>
    <object>
        <name>aschorle</name>
        <pose>Unspecified</pose>
        <truncated>0</truncated>
        <difficult>0</difficult>
        <bndbox>
            <xmin>390</xmin>
            <ymin>267</ymin>
            <xmax>516</xmax>
            <ymax>355</ymax>
        </bndbox>
    </object>    <object>
        <name>weisswein</name>
        <pose>Unspecified</pose>
        <truncated>0</truncated>
        <difficult>0</difficult>
        <bndbox>
            <xmin>465</xmin>
            <ymin>297</ymin>
            <xmax>603</xmax>
            <ymax>388</ymax>
        </bndbox>
    </object>
</annotation>
