<annotation>
    <folder>JPEGImages</folder>
    <filename>s972.jpg</filename>
    <path>/nfs/students/winter-term-2018/project_2/dev-vitaliy/voc_data/sn_80/VOC_3_large/VOC2007/JPEGImages/s972.jpg</path>
    <source>
        <database>Unknown</database>
    </source>
    <size>
        <width>1200</width>
        <height>675</height>
        <depth>3</depth>
    </size>
    <segmented>0</segmented>
    <object>
        <name>williamsbirne</name>
        <pose>Unspecified</pose>
        <truncated>0</truncated>
        <difficult>0</difficult>
        <bndbox>
            <xmin>627</xmin>
            <ymin>350</ymin>
            <xmax>685</xmax>
            <ymax>397</ymax>
        </bndbox>
    </object>    <object>
        <name>williamsbirne</name>
        <pose>Unspecified</pose>
        <truncated>0</truncated>
        <difficult>0</difficult>
        <bndbox>
            <xmin>612</xmin>
            <ymin>392</ymin>
            <xmax>672</xmax>
            <ymax>435</ymax>
        </bndbox>
    </object>
</annotation>
