<annotation>
    <folder>JPEGImages</folder>
    <filename>s1065.jpg</filename>
    <path>/nfs/students/winter-term-2018/project_2/dev-vitaliy/voc_data/sn_80/VOC_3_large/VOC2007/JPEGImages/s1065.jpg</path>
    <source>
        <database>Unknown</database>
    </source>
    <size>
        <width>1200</width>
        <height>675</height>
        <depth>3</depth>
    </size>
    <segmented>0</segmented>
    <object>
        <name>almbreze</name>
        <pose>Unspecified</pose>
        <truncated>0</truncated>
        <difficult>0</difficult>
        <bndbox>
            <xmin>1</xmin>
            <ymin>118</ymin>
            <xmax>183</xmax>
            <ymax>383</ymax>
        </bndbox>
    </object>    <object>
        <name>almbreze</name>
        <pose>Unspecified</pose>
        <truncated>0</truncated>
        <difficult>0</difficult>
        <bndbox>
            <xmin>1</xmin>
            <ymin>343</ymin>
            <xmax>125</xmax>
            <ymax>583</ymax>
        </bndbox>
    </object>    <object>
        <name>brotzeitkorb</name>
        <pose>Unspecified</pose>
        <truncated>0</truncated>
        <difficult>0</difficult>
        <bndbox>
            <xmin>362</xmin>
            <ymin>280</ymin>
            <xmax>518</xmax>
            <ymax>505</ymax>
        </bndbox>
    </object>
</annotation>
