<annotation>
    <folder>JPEGImages</folder>
    <filename>s913.jpg</filename>
    <path>/nfs/students/winter-term-2018/project_2/dev-vitaliy/voc_data/sn_80/VOC_3_large/VOC2007/JPEGImages/s913.jpg</path>
    <source>
        <database>Unknown</database>
    </source>
    <size>
        <width>1200</width>
        <height>675</height>
        <depth>3</depth>
    </size>
    <segmented>0</segmented>
    <object>
        <name>burger</name>
        <pose>Unspecified</pose>
        <truncated>0</truncated>
        <difficult>0</difficult>
        <bndbox>
            <xmin>593</xmin>
            <ymin>293</ymin>
            <xmax>849</xmax>
            <ymax>546</ymax>
        </bndbox>
    </object>    <object>
        <name>brotzeitkorb</name>
        <pose>Unspecified</pose>
        <truncated>0</truncated>
        <difficult>0</difficult>
        <bndbox>
            <xmin>287</xmin>
            <ymin>80</ymin>
            <xmax>513</xmax>
            <ymax>273</ymax>
        </bndbox>
    </object>
</annotation>
