<annotation>
    <folder>JPEGImages</folder>
    <filename>s82.jpg</filename>
    <path>/nfs/students/winter-term-2018/project_2/dev-vitaliy/voc_data/sn_80/VOC_3_large/VOC2007/JPEGImages/s82.jpg</path>
    <source>
        <database>Unknown</database>
    </source>
    <size>
        <width>1200</width>
        <height>675</height>
        <depth>3</depth>
    </size>
    <segmented>0</segmented>
    <object>
        <name>bier</name>
        <pose>Unspecified</pose>
        <truncated>0</truncated>
        <difficult>0</difficult>
        <bndbox>
            <xmin>515</xmin>
            <ymin>282</ymin>
            <xmax>635</xmax>
            <ymax>380</ymax>
        </bndbox>
    </object>    <object>
        <name>bier</name>
        <pose>Unspecified</pose>
        <truncated>0</truncated>
        <difficult>0</difficult>
        <bndbox>
            <xmin>442</xmin>
            <ymin>252</ymin>
            <xmax>562</xmax>
            <ymax>342</ymax>
        </bndbox>
    </object>    <object>
        <name>bier</name>
        <pose>Unspecified</pose>
        <truncated>0</truncated>
        <difficult>0</difficult>
        <bndbox>
            <xmin>392</xmin>
            <ymin>295</ymin>
            <xmax>502</xmax>
            <ymax>372</ymax>
        </bndbox>
    </object>
</annotation>
