<annotation>
    <folder>JPEGImages</folder>
    <filename>s299.jpg</filename>
    <path>/nfs/students/winter-term-2018/project_2/dev-vitaliy/voc_data/sn_80/VOC_3_large/VOC2007/JPEGImages/s299.jpg</path>
    <source>
        <database>Unknown</database>
    </source>
    <size>
        <width>1200</width>
        <height>675</height>
        <depth>3</depth>
    </size>
    <segmented>0</segmented>
    <object>
        <name>biermass</name>
        <pose>Unspecified</pose>
        <truncated>0</truncated>
        <difficult>0</difficult>
        <bndbox>
            <xmin>232</xmin>
            <ymin>392</ymin>
            <xmax>402</xmax>
            <ymax>517</ymax>
        </bndbox>
    </object>    <object>
        <name>biermass</name>
        <pose>Unspecified</pose>
        <truncated>0</truncated>
        <difficult>0</difficult>
        <bndbox>
            <xmin>257</xmin>
            <ymin>292</ymin>
            <xmax>442</xmax>
            <ymax>420</ymax>
        </bndbox>
    </object>    <object>
        <name>weissbier</name>
        <pose>Unspecified</pose>
        <truncated>0</truncated>
        <difficult>0</difficult>
        <bndbox>
            <xmin>125</xmin>
            <ymin>142</ymin>
            <xmax>348</xmax>
            <ymax>237</ymax>
        </bndbox>
    </object>
</annotation>
