<annotation>
    <folder>JPEGImages</folder>
    <filename>s443.jpg</filename>
    <path>/nfs/students/winter-term-2018/project_2/dev-vitaliy/voc_data/sn_80/VOC_3_large/VOC2007/JPEGImages/s443.jpg</path>
    <source>
        <database>Unknown</database>
    </source>
    <size>
        <width>1200</width>
        <height>675</height>
        <depth>3</depth>
    </size>
    <segmented>0</segmented>
    <object>
        <name>wasser</name>
        <pose>Unspecified</pose>
        <truncated>0</truncated>
        <difficult>0</difficult>
        <bndbox>
            <xmin>637</xmin>
            <ymin>305</ymin>
            <xmax>738</xmax>
            <ymax>401</ymax>
        </bndbox>
    </object>    <object>
        <name>bier</name>
        <pose>Unspecified</pose>
        <truncated>0</truncated>
        <difficult>0</difficult>
        <bndbox>
            <xmin>581</xmin>
            <ymin>355</ymin>
            <xmax>699</xmax>
            <ymax>448</ymax>
        </bndbox>
    </object>
</annotation>
