<annotation>
    <folder>JPEGImages</folder>
    <filename>s579.jpg</filename>
    <path>/nfs/students/winter-term-2018/project_2/dev-vitaliy/voc_data/sn_80/VOC_3_large/VOC2007/JPEGImages/s579.jpg</path>
    <source>
        <database>Unknown</database>
    </source>
    <size>
        <width>1200</width>
        <height>675</height>
        <depth>3</depth>
    </size>
    <segmented>0</segmented>
    <object>
        <name>currywurst</name>
        <pose>Unspecified</pose>
        <truncated>0</truncated>
        <difficult>0</difficult>
        <bndbox>
            <xmin>572</xmin>
            <ymin>162</ymin>
            <xmax>820</xmax>
            <ymax>450</ymax>
        </bndbox>
    </object>    <object>
        <name>currywurst</name>
        <pose>Unspecified</pose>
        <truncated>0</truncated>
        <difficult>0</difficult>
        <bndbox>
            <xmin>267</xmin>
            <ymin>320</ymin>
            <xmax>550</xmax>
            <ymax>580</ymax>
        </bndbox>
    </object>
</annotation>
