<annotation>
    <folder>JPEGImages</folder>
    <filename>s943.jpg</filename>
    <path>/nfs/students/winter-term-2018/project_2/dev-vitaliy/voc_data/sn_80/VOC_3_large/VOC2007/JPEGImages/s943.jpg</path>
    <source>
        <database>Unknown</database>
    </source>
    <size>
        <width>1200</width>
        <height>675</height>
        <depth>3</depth>
    </size>
    <segmented>0</segmented>
    <object>
        <name>burger</name>
        <pose>Unspecified</pose>
        <truncated>0</truncated>
        <difficult>0</difficult>
        <bndbox>
            <xmin>596</xmin>
            <ymin>295</ymin>
            <xmax>821</xmax>
            <ymax>564</ymax>
        </bndbox>
    </object>    <object>
        <name>burger</name>
        <pose>Unspecified</pose>
        <truncated>0</truncated>
        <difficult>0</difficult>
        <bndbox>
            <xmin>375</xmin>
            <ymin>271</ymin>
            <xmax>545</xmax>
            <ymax>521</ymax>
        </bndbox>
    </object>
</annotation>
