<annotation>
    <folder>JPEGImages</folder>
    <filename>s397.jpg</filename>
    <path>/nfs/students/winter-term-2018/project_2/dev-vitaliy/voc_data/sn_80/VOC_3_large/VOC2007/JPEGImages/s397.jpg</path>
    <source>
        <database>Unknown</database>
    </source>
    <size>
        <width>1200</width>
        <height>675</height>
        <depth>3</depth>
    </size>
    <segmented>0</segmented>
    <object>
        <name>biermass</name>
        <pose>Unspecified</pose>
        <truncated>0</truncated>
        <difficult>0</difficult>
        <bndbox>
            <xmin>332</xmin>
            <ymin>225</ymin>
            <xmax>495</xmax>
            <ymax>340</ymax>
        </bndbox>
    </object>    <object>
        <name>biermass</name>
        <pose>Unspecified</pose>
        <truncated>0</truncated>
        <difficult>0</difficult>
        <bndbox>
            <xmin>407</xmin>
            <ymin>267</ymin>
            <xmax>552</xmax>
            <ymax>385</ymax>
        </bndbox>
    </object>    <object>
        <name>weissbier</name>
        <pose>Unspecified</pose>
        <truncated>0</truncated>
        <difficult>0</difficult>
        <bndbox>
            <xmin>365</xmin>
            <ymin>362</ymin>
            <xmax>510</xmax>
            <ymax>445</ymax>
        </bndbox>
    </object>    <object>
        <name>bier</name>
        <pose>Unspecified</pose>
        <truncated>0</truncated>
        <difficult>0</difficult>
        <bndbox>
            <xmin>520</xmin>
            <ymin>278</ymin>
            <xmax>610</xmax>
            <ymax>375</ymax>
        </bndbox>
    </object>    <object>
        <name>weissbier</name>
        <pose>Unspecified</pose>
        <truncated>0</truncated>
        <difficult>0</difficult>
        <bndbox>
            <xmin>525</xmin>
            <ymin>367</ymin>
            <xmax>650</xmax>
            <ymax>465</ymax>
        </bndbox>
    </object>    <object>
        <name>wasser</name>
        <pose>Unspecified</pose>
        <truncated>0</truncated>
        <difficult>0</difficult>
        <bndbox>
            <xmin>585</xmin>
            <ymin>260</ymin>
            <xmax>700</xmax>
            <ymax>352</ymax>
        </bndbox>
    </object>    <object>
        <name>wasser</name>
        <pose>Unspecified</pose>
        <truncated>0</truncated>
        <difficult>0</difficult>
        <bndbox>
            <xmin>650</xmin>
            <ymin>290</ymin>
            <xmax>765</xmax>
            <ymax>390</ymax>
        </bndbox>
    </object>    <object>
        <name>wasser</name>
        <pose>Unspecified</pose>
        <truncated>0</truncated>
        <difficult>0</difficult>
        <bndbox>
            <xmin>657</xmin>
            <ymin>365</ymin>
            <xmax>770</xmax>
            <ymax>468</ymax>
        </bndbox>
    </object>
</annotation>
