<annotation>
    <folder>JPEGImages</folder>
    <filename>s8.jpg</filename>
    <path>/nfs/students/winter-term-2018/project_2/dev-vitaliy/voc_data/sn_80/VOC_3_large/VOC2007/JPEGImages/s8.jpg</path>
    <source>
        <database>Unknown</database>
    </source>
    <size>
        <width>1200</width>
        <height>675</height>
        <depth>3</depth>
    </size>
    <segmented>0</segmented>
    <object>
        <name>jagermeister</name>
        <pose>Unspecified</pose>
        <truncated>0</truncated>
        <difficult>0</difficult>
        <bndbox>
            <xmin>752</xmin>
            <ymin>500</ymin>
            <xmax>785</xmax>
            <ymax>527</ymax>
        </bndbox>
    </object>    <object>
        <name>jagermeister</name>
        <pose>Unspecified</pose>
        <truncated>0</truncated>
        <difficult>0</difficult>
        <bndbox>
            <xmin>757</xmin>
            <ymin>480</ymin>
            <xmax>790</xmax>
            <ymax>510</ymax>
        </bndbox>
    </object>    <object>
        <name>jagermeister</name>
        <pose>Unspecified</pose>
        <truncated>0</truncated>
        <difficult>0</difficult>
        <bndbox>
            <xmin>765</xmin>
            <ymin>457</ymin>
            <xmax>800</xmax>
            <ymax>487</ymax>
        </bndbox>
    </object>    <object>
        <name>jagermeister</name>
        <pose>Unspecified</pose>
        <truncated>0</truncated>
        <difficult>0</difficult>
        <bndbox>
            <xmin>775</xmin>
            <ymin>445</ymin>
            <xmax>807</xmax>
            <ymax>472</ymax>
        </bndbox>
    </object>    <object>
        <name>jagermeister</name>
        <pose>Unspecified</pose>
        <truncated>0</truncated>
        <difficult>0</difficult>
        <bndbox>
            <xmin>782</xmin>
            <ymin>430</ymin>
            <xmax>812</xmax>
            <ymax>457</ymax>
        </bndbox>
    </object>
</annotation>
