<annotation>
    <folder>JPEGImages</folder>
    <filename>s951.jpg</filename>
    <path>/nfs/students/winter-term-2018/project_2/dev-vitaliy/voc_data/sn_80/VOC_3_large/VOC2007/JPEGImages/s951.jpg</path>
    <source>
        <database>Unknown</database>
    </source>
    <size>
        <width>1200</width>
        <height>675</height>
        <depth>3</depth>
    </size>
    <segmented>0</segmented>
    <object>
        <name>burger</name>
        <pose>Unspecified</pose>
        <truncated>0</truncated>
        <difficult>0</difficult>
        <bndbox>
            <xmin>487</xmin>
            <ymin>268</ymin>
            <xmax>756</xmax>
            <ymax>506</ymax>
        </bndbox>
    </object>    <object>
        <name>bier</name>
        <pose>Unspecified</pose>
        <truncated>0</truncated>
        <difficult>0</difficult>
        <bndbox>
            <xmin>168</xmin>
            <ymin>422</ymin>
            <xmax>305</xmax>
            <ymax>517</ymax>
        </bndbox>
    </object>    <object>
        <name>cola</name>
        <pose>Unspecified</pose>
        <truncated>0</truncated>
        <difficult>0</difficult>
        <bndbox>
            <xmin>227</xmin>
            <ymin>438</ymin>
            <xmax>371</xmax>
            <ymax>538</ymax>
        </bndbox>
    </object>    <object>
        <name>bier</name>
        <pose>Unspecified</pose>
        <truncated>0</truncated>
        <difficult>0</difficult>
        <bndbox>
            <xmin>250</xmin>
            <ymin>500</ymin>
            <xmax>393</xmax>
            <ymax>612</ymax>
        </bndbox>
    </object>
</annotation>
