<annotation>
    <folder>JPEGImages</folder>
    <filename>s527.jpg</filename>
    <path>/nfs/students/winter-term-2018/project_2/dev-vitaliy/voc_data/sn_80/VOC_3_large/VOC2007/JPEGImages/s527.jpg</path>
    <source>
        <database>Unknown</database>
    </source>
    <size>
        <width>1200</width>
        <height>675</height>
        <depth>3</depth>
    </size>
    <segmented>0</segmented>
    <object>
        <name>currywurst</name>
        <pose>Unspecified</pose>
        <truncated>0</truncated>
        <difficult>0</difficult>
        <bndbox>
            <xmin>447</xmin>
            <ymin>317</ymin>
            <xmax>685</xmax>
            <ymax>537</ymax>
        </bndbox>
    </object>    <object>
        <name>weissbier</name>
        <pose>Unspecified</pose>
        <truncated>0</truncated>
        <difficult>0</difficult>
        <bndbox>
            <xmin>1068</xmin>
            <ymin>507</ymin>
            <xmax>1193</xmax>
            <ymax>675</ymax>
        </bndbox>
    </object>    <object>
        <name>aschorle</name>
        <pose>Unspecified</pose>
        <truncated>0</truncated>
        <difficult>0</difficult>
        <bndbox>
            <xmin>987</xmin>
            <ymin>435</ymin>
            <xmax>1102</xmax>
            <ymax>583</ymax>
        </bndbox>
    </object>
</annotation>
